total_pnl,total_return,trades,sharpe,sortino,max_drawdown,vrp_capture_efficiency,stress_gap_pnl,win_rate,avg_trade_pnl,median_trade_pnl,worst_trade_pnl,avg_holding_hours,profit_factor,stress_to_pnl
251.76229715583213,0.02517622971558331,41.0,1.257973670972693,0.10631279181287305,-0.034877015694918495,0.18801326771579938,-3074.4324318450554,0.7804878048780488,6.14054383306906,10.729714380429778,-330.1645969057486,5.341463414634147,1.4318191516328636,12.211647520605869
