total_pnl,total_return,trades,sharpe,sortino,max_drawdown,vrp_capture_efficiency,stress_gap_pnl,win_rate,avg_trade_pnl,median_trade_pnl,worst_trade_pnl,avg_holding_hours,profit_factor,stress_to_pnl
232.3663404342842,0.02323663404342846,41.0,0.986039025582358,0.08589404500645681,-0.048568201310753394,0.14551816977147633,-3673.5941604279433,0.7804878048780488,5.66747171790936,9.162005484634738,-396.19751628689824,5.2926829268292686,1.307853760160691,15.809493550408936
