total_pnl,total_return,trades,sharpe,sortino,max_drawdown,vrp_capture_efficiency,stress_gap_pnl,win_rate,avg_trade_pnl,median_trade_pnl,worst_trade_pnl,avg_holding_hours,profit_factor,stress_to_pnl
278.57891517724056,0.02785789151772411,24.0,4.5229115984848045,0.9998454950298015,-0.005683334820987729,0.48637508808813307,-1348.4388068799653,0.7916666666666666,11.607454799051672,6.155988643746717,-34.49454988508407,10.958333333333334,4.661026033116635,4.840419476908533
