total_pnl,total_return,trades,sharpe,sortino,max_drawdown,vrp_capture_efficiency,stress_gap_pnl,win_rate,avg_trade_pnl,median_trade_pnl,worst_trade_pnl,avg_holding_hours,profit_factor,stress_to_pnl
121.50668571877941,0.012150668571877965,40.0,0.9934113082946548,0.08238387919931668,-0.0241355661647928,0.15150704773572152,-1843.1974092023254,0.8,3.0376671429694797,5.5094156852876175,-198.09875814344912,5.375,1.3271624105707056,15.169514321774072
