total_pnl,total_return,trades,sharpe,sortino,max_drawdown,vrp_capture_efficiency,stress_gap_pnl,win_rate,avg_trade_pnl,median_trade_pnl,worst_trade_pnl,avg_holding_hours,profit_factor,stress_to_pnl
154.91089362285493,0.015491089362285493,41.0,0.9625137579751488,0.08354113489955767,-0.032874177097777076,0.1455181697714763,-2449.062773618629,0.7804878048780488,3.778314478606239,6.1080036564231595,-264.13167752459884,5.2926829268292686,1.307853760160691,15.809493550409059
