total_pnl,total_return,trades,sharpe,sortino,max_drawdown,vrp_capture_efficiency,stress_gap_pnl,win_rate,avg_trade_pnl,median_trade_pnl,worst_trade_pnl,avg_holding_hours,profit_factor,stress_to_pnl
167.84153143722142,0.016784153143722058,41.0,1.2374246422728978,0.10431328414277596,-0.023549306352498002,0.1880132677157995,-2049.621621230037,0.7804878048780488,4.093695888712705,7.153142920286519,-220.10973127049905,5.341463414634147,1.4318191516328636,12.211647520605869
